0,1,2,3,4,5,6,7,8,9,10,11,12,13,14,15,16,17,18,19,20,21,22,23,24,25,26,27,28,29,30,31,32,33,34,35,36,37,38,39,40,41,42,43,44,45,46,47,48,49,50,51,52,53,54,55,56,57,58,59
4948887000.0,4948887000.0,4948887000.0,4948887000.0,4948887000.0,4948887000.0,4948887000.0,4948887000.0,4948887000.0,4948887000.0,4948887000.0,4948887000.0,4948887000.0,4948887000.0,4948887000.0,4948887000.0,4948887000.0,4948887000.0,4948887000.0,4948887000.0,4948887000.0,4948887000.0,4948887000.0,4948887000.0,4948887000.0,4948887000.0,4948887000.0,4948887000.0,4948887000.0,4948887000.0,4948887000.0,4948887000.0,4948887000.0,4948887000.0,4948887000.0,4948887000.0,4948887000.0,4948887000.0,4948887000.0,4948887000.0,4948887000.0,4948887000.0,4948887000.0,4948887000.0,4948887000.0,4948887000.0,4948887000.0,4948887000.0,4948887000.0,4948887000.0,4948887000.0,4948887000.0,4948887000.0,4948887000.0,4948887000.0,4948887000.0,4948887000.0,4948887000.0,4948887000.0,4948887000.0
39000000.0,39000000.0,39000000.0,39000000.0,39000000.0,39000000.0,39000000.0,39000000.0,39000000.0,39000000.0,39000000.0,39000000.0,39000000.0,39000000.0,39000000.0,39000000.0,39000000.0,39000000.0,39000000.0,39000000.0,39000000.0,39000000.0,39000000.0,39000000.0,39000000.0,39000000.0,39000000.0,39000000.0,39000000.0,39000000.0,39000000.0,39000000.0,39000000.0,39000000.0,39000000.0,39000000.0,39000000.0,39000000.0,39000000.0,39000000.0,39000000.0,39000000.0,39000000.0,39000000.0,39000000.0,39000000.0,39000000.0,39000000.0,39000000.0,39000000.0,39000000.0,39000000.0,39000000.0,39000000.0,39000000.0,39000000.0,39000000.0,39000000.0,39000000.0,39000000.0
79195000.0,79195000.0,79195000.0,79195000.0,79195000.0,79195000.0,79195000.0,79195000.0,79195000.0,79195000.0,79195000.0,79195000.0,79195000.0,79195000.0,79195000.0,79195000.0,79195000.0,79195000.0,79195000.0,79195000.0,79195000.0,79195000.0,79195000.0,79195000.0,79195000.0,79195000.0,79195000.0,79195000.0,79195000.0,79195000.0,79195000.0,79195000.0,79195000.0,79195000.0,79195000.0,79195000.0,79195000.0,79195000.0,79195000.0,79195000.0,79195000.0,79195000.0,79195000.0,79195000.0,79195000.0,79195000.0,79195000.0,79195000.0,79195000.0,79195000.0,79195000.0,79195000.0,79195000.0,79195000.0,79195000.0,79195000.0,79195000.0,79195000.0,79195000.0,79195000.0
462917000.0,462917000.0,462917000.0,462917000.0,462917000.0,462917000.0,462917000.0,462917000.0,462917000.0,462917000.0,462917000.0,462917000.0,462917000.0,462917000.0,462917000.0,462917000.0,462917000.0,462917000.0,462917000.0,462917000.0,462917000.0,462917000.0,462917000.0,462917000.0,462917000.0,462917000.0,462917000.0,462917000.0,462917000.0,462917000.0,462917000.0,462917000.0,462917000.0,462917000.0,462917000.0,462917000.0,462917000.0,462917000.0,462917000.0,462917000.0,462917000.0,462917000.0,462917000.0,462917000.0,462917000.0,462917000.0,462917000.0,462917000.0,462917000.0,462917000.0,462917000.0,462917000.0,462917000.0,462917000.0,462917000.0,462917000.0,462917000.0,462917000.0,462917000.0,462917000.0
486530000.0,486530000.0,486530000.0,486530000.0,486530000.0,486530000.0,486530000.0,486530000.0,486530000.0,486530000.0,486530000.0,486530000.0,486530000.0,486530000.0,486530000.0,486530000.0,486530000.0,486530000.0,486530000.0,486530000.0,486530000.0,486530000.0,486530000.0,486530000.0,486530000.0,486530000.0,486530000.0,486530000.0,486530000.0,486530000.0,486530000.0,486530000.0,486530000.0,486530000.0,486530000.0,486530000.0,486530000.0,486530000.0,486530000.0,486530000.0,486530000.0,486530000.0,486530000.0,486530000.0,486530000.0,486530000.0,486530000.0,486530000.0,486530000.0,486530000.0,486530000.0,486530000.0,486530000.0,486530000.0,486530000.0,486530000.0,486530000.0,486530000.0,486530000.0,486530000.0
815498000.0,815498000.0,815498000.0,815498000.0,815498000.0,815498000.0,815498000.0,815498000.0,815498000.0,815498000.0,815498000.0,815498000.0,815498000.0,815498000.0,815498000.0,815498000.0,815498000.0,815498000.0,815498000.0,815498000.0,815498000.0,815498000.0,815498000.0,815498000.0,815498000.0,815498000.0,815498000.0,815498000.0,815498000.0,815498000.0,815498000.0,815498000.0,815498000.0,815498000.0,815498000.0,815498000.0,815498000.0,815498000.0,815498000.0,815498000.0,815498000.0,815498000.0,815498000.0,815498000.0,815498000.0,815498000.0,815498000.0,815498000.0,815498000.0,815498000.0,815498000.0,815498000.0,815498000.0,815498000.0,815498000.0,815498000.0,815498000.0,815498000.0,815498000.0,815498000.0
561720000.0,561720000.0,561720000.0,561720000.0,561720000.0,561720000.0,561720000.0,561720000.0,561720000.0,561720000.0,561720000.0,561720000.0,561720000.0,561720000.0,561720000.0,561720000.0,561720000.0,561720000.0,561720000.0,561720000.0,561720000.0,561720000.0,561720000.0,561720000.0,561720000.0,561720000.0,561720000.0,561720000.0,561720000.0,561720000.0,561720000.0,561720000.0,561720000.0,561720000.0,561720000.0,561720000.0,561720000.0,561720000.0,561720000.0,561720000.0,561720000.0,561720000.0,561720000.0,561720000.0,561720000.0,561720000.0,561720000.0,561720000.0,561720000.0,561720000.0,561720000.0,561720000.0,561720000.0,561720000.0,561720000.0,561720000.0,561720000.0,561720000.0,561720000.0,561720000.0
2330601000.0,2330601000.0,2330601000.0,2330601000.0,2330601000.0,2330601000.0,2330601000.0,2330601000.0,2330601000.0,2330601000.0,2330601000.0,2330601000.0,2330601000.0,2330601000.0,2330601000.0,2330601000.0,2330601000.0,2330601000.0,2330601000.0,2330601000.0,2330601000.0,2330601000.0,2330601000.0,2330601000.0,2330601000.0,2330601000.0,2330601000.0,2330601000.0,2330601000.0,2330601000.0,2330601000.0,2330601000.0,2330601000.0,2330601000.0,2330601000.0,2330601000.0,2330601000.0,2330601000.0,2330601000.0,2330601000.0,2330601000.0,2330601000.0,2330601000.0,2330601000.0,2330601000.0,2330601000.0,2330601000.0,2330601000.0,2330601000.0,2330601000.0,2330601000.0,2330601000.0,2330601000.0,2330601000.0,2330601000.0,2330601000.0,2330601000.0,2330601000.0,2330601000.0,2330601000.0
438909000.0,438909000.0,438909000.0,438909000.0,438909000.0,438909000.0,438909000.0,438909000.0,438909000.0,438909000.0,438909000.0,438909000.0,438909000.0,438909000.0,438909000.0,438909000.0,438909000.0,438909000.0,438909000.0,438909000.0,438909000.0,438909000.0,438909000.0,438909000.0,438909000.0,438909000.0,438909000.0,438909000.0,438909000.0,438909000.0,438909000.0,438909000.0,438909000.0,438909000.0,438909000.0,438909000.0,438909000.0,438909000.0,438909000.0,438909000.0,438909000.0,438909000.0,438909000.0,438909000.0,438909000.0,438909000.0,438909000.0,438909000.0,438909000.0,438909000.0,438909000.0,438909000.0,438909000.0,438909000.0,438909000.0,438909000.0,438909000.0,438909000.0,438909000.0,438909000.0
0.0,0.0,0.0,0.0,0.0,0.0,0.0,0.0,0.0,0.0,0.0,0.0,0.0,0.0,0.0,0.0,0.0,0.0,0.0,0.0,0.0,0.0,0.0,0.0,0.0,0.0,0.0,0.0,0.0,0.0,0.0,0.0,0.0,0.0,0.0,0.0,0.0,0.0,0.0,0.0,0.0,0.0,0.0,0.0,0.0,0.0,0.0,0.0,0.0,0.0,0.0,0.0,0.0,0.0,0.0,0.0,0.0,0.0,0.0,0.0
330522000.0,330522000.0,330522000.0,330522000.0,330522000.0,330522000.0,330522000.0,330522000.0,330522000.0,330522000.0,330522000.0,330522000.0,330522000.0,330522000.0,330522000.0,330522000.0,330522000.0,330522000.0,330522000.0,330522000.0,330522000.0,330522000.0,330522000.0,330522000.0,330522000.0,330522000.0,330522000.0,330522000.0,330522000.0,330522000.0,330522000.0,330522000.0,330522000.0,330522000.0,330522000.0,330522000.0,330522000.0,330522000.0,330522000.0,330522000.0,330522000.0,330522000.0,330522000.0,330522000.0,330522000.0,330522000.0,330522000.0,330522000.0,330522000.0,330522000.0,330522000.0,330522000.0,330522000.0,330522000.0,330522000.0,330522000.0,330522000.0,330522000.0,330522000.0,330522000.0
452000000000.0,452000000000.0,452000000000.0,452000000000.0,452000000000.0,452000000000.0,452000000000.0,452000000000.0,452000000000.0,452000000000.0,452000000000.0,452000000000.0,452000000000.0,452000000000.0,452000000000.0,452000000000.0,452000000000.0,452000000000.0,452000000000.0,452000000000.0,452000000000.0,452000000000.0,452000000000.0,452000000000.0,452000000000.0,452000000000.0,452000000000.0,452000000000.0,452000000000.0,452000000000.0,452000000000.0,452000000000.0,452000000000.0,452000000000.0,452000000000.0,452000000000.0,452000000000.0,452000000000.0,452000000000.0,452000000000.0,452000000000.0,452000000000.0,452000000000.0,452000000000.0,452000000000.0,452000000000.0,452000000000.0,452000000000.0,452000000000.0,452000000000.0,452000000000.0,452000000000.0,452000000000.0,452000000000.0,452000000000.0,452000000000.0,452000000000.0,452000000000.0,452000000000.0,452000000000.0
3911248000.0,3911248000.0,3911248000.0,3911248000.0,3911248000.0,3911248000.0,3911248000.0,3911248000.0,3911248000.0,3911248000.0,3911248000.0,3911248000.0,3911248000.0,3911248000.0,3911248000.0,3911248000.0,3911248000.0,3911248000.0,3911248000.0,3911248000.0,3911248000.0,3911248000.0,3911248000.0,3911248000.0,3911248000.0,3911248000.0,3911248000.0,3911248000.0,3911248000.0,3911248000.0,3911248000.0,3911248000.0,3911248000.0,3911248000.0,3911248000.0,3911248000.0,3911248000.0,3911248000.0,3911248000.0,3911248000.0,3911248000.0,3911248000.0,3911248000.0,3911248000.0,3911248000.0,3911248000.0,3911248000.0,3911248000.0,3911248000.0,3911248000.0,3911248000.0,3911248000.0,3911248000.0,3911248000.0,3911248000.0,3911248000.0,3911248000.0,3911248000.0,3911248000.0,3911248000.0
0.0,0.0,0.0,0.0,0.0,0.0,0.0,0.0,0.0,0.0,0.0,0.0,0.0,0.0,0.0,0.0,0.0,0.0,0.0,0.0,0.0,0.0,0.0,0.0,0.0,0.0,0.0,0.0,0.0,0.0,0.0,0.0,0.0,0.0,0.0,0.0,0.0,0.0,0.0,0.0,0.0,0.0,0.0,0.0,0.0,0.0,0.0,0.0,0.0,0.0,0.0,0.0,0.0,0.0,0.0,0.0,0.0,0.0,0.0,0.0
14385344000.0,14385344000.0,14385344000.0,14385344000.0,14385344000.0,14385344000.0,14385344000.0,14385344000.0,14385344000.0,14385344000.0,14385344000.0,14385344000.0,14385344000.0,14385344000.0,14385344000.0,14385344000.0,14385344000.0,14385344000.0,14385344000.0,14385344000.0,14385344000.0,14385344000.0,14385344000.0,14385344000.0,14385344000.0,14385344000.0,14385344000.0,14385344000.0,14385344000.0,14385344000.0,14385344000.0,14385344000.0,14385344000.0,14385344000.0,14385344000.0,14385344000.0,14385344000.0,14385344000.0,14385344000.0,14385344000.0,14385344000.0,14385344000.0,14385344000.0,14385344000.0,14385344000.0,14385344000.0,14385344000.0,14385344000.0,14385344000.0,14385344000.0,14385344000.0,14385344000.0,14385344000.0,14385344000.0,14385344000.0,14385344000.0,14385344000.0,14385344000.0,14385344000.0,14385344000.0
1499630000.0,1499630000.0,1499630000.0,1499630000.0,1499630000.0,1499630000.0,1499630000.0,1499630000.0,1499630000.0,1499630000.0,1499630000.0,1499630000.0,1499630000.0,1499630000.0,1499630000.0,1499630000.0,1499630000.0,1499630000.0,1499630000.0,1499630000.0,1499630000.0,1499630000.0,1499630000.0,1499630000.0,1499630000.0,1499630000.0,1499630000.0,1499630000.0,1499630000.0,1499630000.0,1499630000.0,1499630000.0,1499630000.0,1499630000.0,1499630000.0,1499630000.0,1499630000.0,1499630000.0,1499630000.0,1499630000.0,1499630000.0,1499630000.0,1499630000.0,1499630000.0,1499630000.0,1499630000.0,1499630000.0,1499630000.0,1499630000.0,1499630000.0,1499630000.0,1499630000.0,1499630000.0,1499630000.0,1499630000.0,1499630000.0,1499630000.0,1499630000.0,1499630000.0,1499630000.0
957422000.0,957422000.0,957422000.0,957422000.0,957422000.0,957422000.0,957422000.0,957422000.0,957422000.0,957422000.0,957422000.0,957422000.0,957422000.0,957422000.0,957422000.0,957422000.0,957422000.0,957422000.0,957422000.0,957422000.0,957422000.0,957422000.0,957422000.0,957422000.0,957422000.0,957422000.0,957422000.0,957422000.0,957422000.0,957422000.0,957422000.0,957422000.0,957422000.0,957422000.0,957422000.0,957422000.0,957422000.0,957422000.0,957422000.0,957422000.0,957422000.0,957422000.0,957422000.0,957422000.0,957422000.0,957422000.0,957422000.0,957422000.0,957422000.0,957422000.0,957422000.0,957422000.0,957422000.0,957422000.0,957422000.0,957422000.0,957422000.0,957422000.0,957422000.0,957422000.0
1427025000.0,1427025000.0,1427025000.0,1427025000.0,1427025000.0,1427025000.0,1427025000.0,1427025000.0,1427025000.0,1427025000.0,1427025000.0,1427025000.0,1427025000.0,1427025000.0,1427025000.0,1427025000.0,1427025000.0,1427025000.0,1427025000.0,1427025000.0,1427025000.0,1427025000.0,1427025000.0,1427025000.0,1427025000.0,1427025000.0,1427025000.0,1427025000.0,1427025000.0,1427025000.0,1427025000.0,1427025000.0,1427025000.0,1427025000.0,1427025000.0,1427025000.0,1427025000.0,1427025000.0,1427025000.0,1427025000.0,1427025000.0,1427025000.0,1427025000.0,1427025000.0,1427025000.0,1427025000.0,1427025000.0,1427025000.0,1427025000.0,1427025000.0,1427025000.0,1427025000.0,1427025000.0,1427025000.0,1427025000.0,1427025000.0,1427025000.0,1427025000.0,1427025000.0,1427025000.0
64998000.0,64998000.0,64998000.0,64998000.0,64998000.0,64998000.0,64998000.0,64998000.0,64998000.0,64998000.0,64998000.0,64998000.0,64998000.0,64998000.0,64998000.0,64998000.0,64998000.0,64998000.0,64998000.0,64998000.0,64998000.0,64998000.0,64998000.0,64998000.0,64998000.0,64998000.0,64998000.0,64998000.0,64998000.0,64998000.0,64998000.0,64998000.0,64998000.0,64998000.0,64998000.0,64998000.0,64998000.0,64998000.0,64998000.0,64998000.0,64998000.0,64998000.0,64998000.0,64998000.0,64998000.0,64998000.0,64998000.0,64998000.0,64998000.0,64998000.0,64998000.0,64998000.0,64998000.0,64998000.0,64998000.0,64998000.0,64998000.0,64998000.0,64998000.0,64998000.0
442759000.0,442759000.0,442759000.0,442759000.0,442759000.0,442759000.0,442759000.0,442759000.0,442759000.0,442759000.0,442759000.0,442759000.0,442759000.0,442759000.0,442759000.0,442759000.0,442759000.0,442759000.0,442759000.0,442759000.0,442759000.0,442759000.0,442759000.0,442759000.0,442759000.0,442759000.0,442759000.0,442759000.0,442759000.0,442759000.0,442759000.0,442759000.0,442759000.0,442759000.0,442759000.0,442759000.0,442759000.0,442759000.0,442759000.0,442759000.0,442759000.0,442759000.0,442759000.0,442759000.0,442759000.0,442759000.0,442759000.0,442759000.0,442759000.0,442759000.0,442759000.0,442759000.0,442759000.0,442759000.0,442759000.0,442759000.0,442759000.0,442759000.0,442759000.0,442759000.0
252000000000.0,252000000000.0,252000000000.0,252000000000.0,252000000000.0,252000000000.0,252000000000.0,252000000000.0,252000000000.0,252000000000.0,252000000000.0,252000000000.0,252000000000.0,252000000000.0,252000000000.0,252000000000.0,252000000000.0,252000000000.0,252000000000.0,252000000000.0,252000000000.0,252000000000.0,252000000000.0,252000000000.0,252000000000.0,252000000000.0,252000000000.0,252000000000.0,252000000000.0,252000000000.0,252000000000.0,252000000000.0,252000000000.0,252000000000.0,252000000000.0,252000000000.0,252000000000.0,252000000000.0,252000000000.0,252000000000.0,252000000000.0,252000000000.0,252000000000.0,252000000000.0,252000000000.0,252000000000.0,252000000000.0,252000000000.0,252000000000.0,252000000000.0,252000000000.0,252000000000.0,252000000000.0,252000000000.0,252000000000.0,252000000000.0,252000000000.0,252000000000.0,252000000000.0,252000000000.0
7742607000.0,7742607000.0,7742607000.0,7742607000.0,7742607000.0,7742607000.0,7742607000.0,7742607000.0,7742607000.0,7742607000.0,7742607000.0,7742607000.0,7742607000.0,7742607000.0,7742607000.0,7742607000.0,7742607000.0,7742607000.0,7742607000.0,7742607000.0,7742607000.0,7742607000.0,7742607000.0,7742607000.0,7742607000.0,7742607000.0,7742607000.0,7742607000.0,7742607000.0,7742607000.0,7742607000.0,7742607000.0,7742607000.0,7742607000.0,7742607000.0,7742607000.0,7742607000.0,7742607000.0,7742607000.0,7742607000.0,7742607000.0,7742607000.0,7742607000.0,7742607000.0,7742607000.0,7742607000.0,7742607000.0,7742607000.0,7742607000.0,7742607000.0,7742607000.0,7742607000.0,7742607000.0,7742607000.0,7742607000.0,7742607000.0,7742607000.0,7742607000.0,7742607000.0,7742607000.0
2377695000.0,2377695000.0,2377695000.0,2377695000.0,2377695000.0,2377695000.0,2377695000.0,2377695000.0,2377695000.0,2377695000.0,2377695000.0,2377695000.0,2377695000.0,2377695000.0,2377695000.0,2377695000.0,2377695000.0,2377695000.0,2377695000.0,2377695000.0,2377695000.0,2377695000.0,2377695000.0,2377695000.0,2377695000.0,2377695000.0,2377695000.0,2377695000.0,2377695000.0,2377695000.0,2377695000.0,2377695000.0,2377695000.0,2377695000.0,2377695000.0,2377695000.0,2377695000.0,2377695000.0,2377695000.0,2377695000.0,2377695000.0,2377695000.0,2377695000.0,2377695000.0,2377695000.0,2377695000.0,2377695000.0,2377695000.0,2377695000.0,2377695000.0,2377695000.0,2377695000.0,2377695000.0,2377695000.0,2377695000.0,2377695000.0,2377695000.0,2377695000.0,2377695000.0,2377695000.0
2593949000.0,2593949000.0,2593949000.0,2593949000.0,2593949000.0,2593949000.0,2593949000.0,2593949000.0,2593949000.0,2593949000.0,2593949000.0,2593949000.0,2593949000.0,2593949000.0,2593949000.0,2593949000.0,2593949000.0,2593949000.0,2593949000.0,2593949000.0,2593949000.0,2593949000.0,2593949000.0,2593949000.0,2593949000.0,2593949000.0,2593949000.0,2593949000.0,2593949000.0,2593949000.0,2593949000.0,2593949000.0,2593949000.0,2593949000.0,2593949000.0,2593949000.0,2593949000.0,2593949000.0,2593949000.0,2593949000.0,2593949000.0,2593949000.0,2593949000.0,2593949000.0,2593949000.0,2593949000.0,2593949000.0,2593949000.0,2593949000.0,2593949000.0,2593949000.0,2593949000.0,2593949000.0,2593949000.0,2593949000.0,2593949000.0,2593949000.0,2593949000.0,2593949000.0,2593949000.0
1110583000.0,1110583000.0,1110583000.0,1110583000.0,1110583000.0,1110583000.0,1110583000.0,1110583000.0,1110583000.0,1110583000.0,1110583000.0,1110583000.0,1110583000.0,1110583000.0,1110583000.0,1110583000.0,1110583000.0,1110583000.0,1110583000.0,1110583000.0,1110583000.0,1110583000.0,1110583000.0,1110583000.0,1110583000.0,1110583000.0,1110583000.0,1110583000.0,1110583000.0,1110583000.0,1110583000.0,1110583000.0,1110583000.0,1110583000.0,1110583000.0,1110583000.0,1110583000.0,1110583000.0,1110583000.0,1110583000.0,1110583000.0,1110583000.0,1110583000.0,1110583000.0,1110583000.0,1110583000.0,1110583000.0,1110583000.0,1110583000.0,1110583000.0,1110583000.0,1110583000.0,1110583000.0,1110583000.0,1110583000.0,1110583000.0,1110583000.0,1110583000.0,1110583000.0,1110583000.0
6467040000.0,6467040000.0,6467040000.0,6467040000.0,6467040000.0,6467040000.0,6467040000.0,6467040000.0,6467040000.0,6467040000.0,6467040000.0,6467040000.0,6467040000.0,6467040000.0,6467040000.0,6467040000.0,6467040000.0,6467040000.0,6467040000.0,6467040000.0,6467040000.0,6467040000.0,6467040000.0,6467040000.0,6467040000.0,6467040000.0,6467040000.0,6467040000.0,6467040000.0,6467040000.0,6467040000.0,6467040000.0,6467040000.0,6467040000.0,6467040000.0,6467040000.0,6467040000.0,6467040000.0,6467040000.0,6467040000.0,6467040000.0,6467040000.0,6467040000.0,6467040000.0,6467040000.0,6467040000.0,6467040000.0,6467040000.0,6467040000.0,6467040000.0,6467040000.0,6467040000.0,6467040000.0,6467040000.0,6467040000.0,6467040000.0,6467040000.0,6467040000.0,6467040000.0,6467040000.0
0.0,0.0,0.0,0.0,0.0,0.0,0.0,0.0,0.0,0.0,0.0,0.0,0.0,0.0,0.0,0.0,0.0,0.0,0.0,0.0,0.0,0.0,0.0,0.0,0.0,0.0,0.0,0.0,0.0,0.0,0.0,0.0,0.0,0.0,0.0,0.0,0.0,0.0,0.0,0.0,0.0,0.0,0.0,0.0,0.0,0.0,0.0,0.0,0.0,0.0,0.0,0.0,0.0,0.0,0.0,0.0,0.0,0.0,0.0,0.0
78557000.0,78557000.0,78557000.0,78557000.0,78557000.0,78557000.0,78557000.0,78557000.0,78557000.0,78557000.0,78557000.0,78557000.0,78557000.0,78557000.0,78557000.0,78557000.0,78557000.0,78557000.0,78557000.0,78557000.0,78557000.0,78557000.0,78557000.0,78557000.0,78557000.0,78557000.0,78557000.0,78557000.0,78557000.0,78557000.0,78557000.0,78557000.0,78557000.0,78557000.0,78557000.0,78557000.0,78557000.0,78557000.0,78557000.0,78557000.0,78557000.0,78557000.0,78557000.0,78557000.0,78557000.0,78557000.0,78557000.0,78557000.0,78557000.0,78557000.0,78557000.0,78557000.0,78557000.0,78557000.0,78557000.0,78557000.0,78557000.0,78557000.0,78557000.0,78557000.0
1042307000.0,1042307000.0,1042307000.0,1042307000.0,1042307000.0,1042307000.0,1042307000.0,1042307000.0,1042307000.0,1042307000.0,1042307000.0,1042307000.0,1042307000.0,1042307000.0,1042307000.0,1042307000.0,1042307000.0,1042307000.0,1042307000.0,1042307000.0,1042307000.0,1042307000.0,1042307000.0,1042307000.0,1042307000.0,1042307000.0,1042307000.0,1042307000.0,1042307000.0,1042307000.0,1042307000.0,1042307000.0,1042307000.0,1042307000.0,1042307000.0,1042307000.0,1042307000.0,1042307000.0,1042307000.0,1042307000.0,1042307000.0,1042307000.0,1042307000.0,1042307000.0,1042307000.0,1042307000.0,1042307000.0,1042307000.0,1042307000.0,1042307000.0,1042307000.0,1042307000.0,1042307000.0,1042307000.0,1042307000.0,1042307000.0,1042307000.0,1042307000.0,1042307000.0,1042307000.0
145358000.0,145358000.0,145358000.0,145358000.0,145358000.0,145358000.0,145358000.0,145358000.0,145358000.0,145358000.0,145358000.0,145358000.0,145358000.0,145358000.0,145358000.0,145358000.0,145358000.0,145358000.0,145358000.0,145358000.0,145358000.0,145358000.0,145358000.0,145358000.0,145358000.0,145358000.0,145358000.0,145358000.0,145358000.0,145358000.0,145358000.0,145358000.0,145358000.0,145358000.0,145358000.0,145358000.0,145358000.0,145358000.0,145358000.0,145358000.0,145358000.0,145358000.0,145358000.0,145358000.0,145358000.0,145358000.0,145358000.0,145358000.0,145358000.0,145358000.0,145358000.0,145358000.0,145358000.0,145358000.0,145358000.0,145358000.0,145358000.0,145358000.0,145358000.0,145358000.0
3983644000.0,3983644000.0,3983644000.0,3983644000.0,3983644000.0,3983644000.0,3983644000.0,3983644000.0,3983644000.0,3983644000.0,3983644000.0,3983644000.0,3983644000.0,3983644000.0,3983644000.0,3983644000.0,3983644000.0,3983644000.0,3983644000.0,3983644000.0,3983644000.0,3983644000.0,3983644000.0,3983644000.0,3983644000.0,3983644000.0,3983644000.0,3983644000.0,3983644000.0,3983644000.0,3983644000.0,3983644000.0,3983644000.0,3983644000.0,3983644000.0,3983644000.0,3983644000.0,3983644000.0,3983644000.0,3983644000.0,3983644000.0,3983644000.0,3983644000.0,3983644000.0,3983644000.0,3983644000.0,3983644000.0,3983644000.0,3983644000.0,3983644000.0,3983644000.0,3983644000.0,3983644000.0,3983644000.0,3983644000.0,3983644000.0,3983644000.0,3983644000.0,3983644000.0,3983644000.0
0.0,0.0,0.0,0.0,0.0,0.0,0.0,0.0,0.0,0.0,0.0,0.0,0.0,0.0,0.0,0.0,0.0,0.0,0.0,0.0,0.0,0.0,0.0,0.0,0.0,0.0,0.0,0.0,0.0,0.0,0.0,0.0,0.0,0.0,0.0,0.0,0.0,0.0,0.0,0.0,0.0,0.0,0.0,0.0,0.0,0.0,0.0,0.0,0.0,0.0,0.0,0.0,0.0,0.0,0.0,0.0,0.0,0.0,0.0,0.0
0.0,0.0,0.0,0.0,0.0,0.0,0.0,0.0,0.0,0.0,0.0,0.0,0.0,0.0,0.0,0.0,0.0,0.0,0.0,0.0,0.0,0.0,0.0,0.0,0.0,0.0,0.0,0.0,0.0,0.0,0.0,0.0,0.0,0.0,0.0,0.0,0.0,0.0,0.0,0.0,0.0,0.0,0.0,0.0,0.0,0.0,0.0,0.0,0.0,0.0,0.0,0.0,0.0,0.0,0.0,0.0,0.0,0.0,0.0,0.0
0.0,0.0,0.0,0.0,0.0,0.0,0.0,0.0,0.0,0.0,0.0,0.0,0.0,0.0,0.0,0.0,0.0,0.0,0.0,0.0,0.0,0.0,0.0,0.0,0.0,0.0,0.0,0.0,0.0,0.0,0.0,0.0,0.0,0.0,0.0,0.0,0.0,0.0,0.0,0.0,0.0,0.0,0.0,0.0,0.0,0.0,0.0,0.0,0.0,0.0,0.0,0.0,0.0,0.0,0.0,0.0,0.0,0.0,0.0,0.0
0.0,0.0,0.0,0.0,0.0,0.0,0.0,0.0,0.0,0.0,0.0,0.0,0.0,0.0,0.0,0.0,0.0,0.0,0.0,0.0,0.0,0.0,0.0,0.0,0.0,0.0,0.0,0.0,0.0,0.0,0.0,0.0,0.0,0.0,0.0,0.0,0.0,0.0,0.0,0.0,0.0,0.0,0.0,0.0,0.0,0.0,0.0,0.0,0.0,0.0,0.0,0.0,0.0,0.0,0.0,0.0,0.0,0.0,0.0,0.0
11380745000.0,11380745000.0,11380745000.0,11380745000.0,11380745000.0,11380745000.0,11380745000.0,11380745000.0,11380745000.0,11380745000.0,11380745000.0,11380745000.0,11380745000.0,11380745000.0,11380745000.0,11380745000.0,11380745000.0,11380745000.0,11380745000.0,11380745000.0,11380745000.0,11380745000.0,11380745000.0,11380745000.0,11380745000.0,11380745000.0,11380745000.0,11380745000.0,11380745000.0,11380745000.0,11380745000.0,11380745000.0,11380745000.0,11380745000.0,11380745000.0,11380745000.0,11380745000.0,11380745000.0,11380745000.0,11380745000.0,11380745000.0,11380745000.0,11380745000.0,11380745000.0,11380745000.0,11380745000.0,11380745000.0,11380745000.0,11380745000.0,11380745000.0,11380745000.0,11380745000.0,11380745000.0,11380745000.0,11380745000.0,11380745000.0,11380745000.0,11380745000.0,11380745000.0,11380745000.0
1580213000.0,1580213000.0,1580213000.0,1580213000.0,1580213000.0,1580213000.0,1580213000.0,1580213000.0,1580213000.0,1580213000.0,1580213000.0,1580213000.0,1580213000.0,1580213000.0,1580213000.0,1580213000.0,1580213000.0,1580213000.0,1580213000.0,1580213000.0,1580213000.0,1580213000.0,1580213000.0,1580213000.0,1580213000.0,1580213000.0,1580213000.0,1580213000.0,1580213000.0,1580213000.0,1580213000.0,1580213000.0,1580213000.0,1580213000.0,1580213000.0,1580213000.0,1580213000.0,1580213000.0,1580213000.0,1580213000.0,1580213000.0,1580213000.0,1580213000.0,1580213000.0,1580213000.0,1580213000.0,1580213000.0,1580213000.0,1580213000.0,1580213000.0,1580213000.0,1580213000.0,1580213000.0,1580213000.0,1580213000.0,1580213000.0,1580213000.0,1580213000.0,1580213000.0,1580213000.0
1247784000.0,1247784000.0,1247784000.0,1247784000.0,1247784000.0,1247784000.0,1247784000.0,1247784000.0,1247784000.0,1247784000.0,1247784000.0,1247784000.0,1247784000.0,1247784000.0,1247784000.0,1247784000.0,1247784000.0,1247784000.0,1247784000.0,1247784000.0,1247784000.0,1247784000.0,1247784000.0,1247784000.0,1247784000.0,1247784000.0,1247784000.0,1247784000.0,1247784000.0,1247784000.0,1247784000.0,1247784000.0,1247784000.0,1247784000.0,1247784000.0,1247784000.0,1247784000.0,1247784000.0,1247784000.0,1247784000.0,1247784000.0,1247784000.0,1247784000.0,1247784000.0,1247784000.0,1247784000.0,1247784000.0,1247784000.0,1247784000.0,1247784000.0,1247784000.0,1247784000.0,1247784000.0,1247784000.0,1247784000.0,1247784000.0,1247784000.0,1247784000.0,1247784000.0,1247784000.0
0.0,0.0,0.0,0.0,0.0,0.0,0.0,0.0,0.0,0.0,0.0,0.0,0.0,0.0,0.0,0.0,0.0,0.0,0.0,0.0,0.0,0.0,0.0,0.0,0.0,0.0,0.0,0.0,0.0,0.0,0.0,0.0,0.0,0.0,0.0,0.0,0.0,0.0,0.0,0.0,0.0,0.0,0.0,0.0,0.0,0.0,0.0,0.0,0.0,0.0,0.0,0.0,0.0,0.0,0.0,0.0,0.0,0.0,0.0,0.0
0.0,0.0,0.0,0.0,0.0,0.0,0.0,0.0,0.0,0.0,0.0,0.0,0.0,0.0,0.0,0.0,0.0,0.0,0.0,0.0,0.0,0.0,0.0,0.0,0.0,0.0,0.0,0.0,0.0,0.0,0.0,0.0,0.0,0.0,0.0,0.0,0.0,0.0,0.0,0.0,0.0,0.0,0.0,0.0,0.0,0.0,0.0,0.0,0.0,0.0,0.0,0.0,0.0,0.0,0.0,0.0,0.0,0.0,0.0,0.0
7908462000.0,7908462000.0,7908462000.0,7908462000.0,7908462000.0,7908462000.0,7908462000.0,7908462000.0,7908462000.0,7908462000.0,7908462000.0,7908462000.0,7908462000.0,7908462000.0,7908462000.0,7908462000.0,7908462000.0,7908462000.0,7908462000.0,7908462000.0,7908462000.0,7908462000.0,7908462000.0,7908462000.0,7908462000.0,7908462000.0,7908462000.0,7908462000.0,7908462000.0,7908462000.0,7908462000.0,7908462000.0,7908462000.0,7908462000.0,7908462000.0,7908462000.0,7908462000.0,7908462000.0,7908462000.0,7908462000.0,7908462000.0,7908462000.0,7908462000.0,7908462000.0,7908462000.0,7908462000.0,7908462000.0,7908462000.0,7908462000.0,7908462000.0,7908462000.0,7908462000.0,7908462000.0,7908462000.0,7908462000.0,7908462000.0,7908462000.0,7908462000.0,7908462000.0,7908462000.0
0.0,0.0,0.0,0.0,0.0,0.0,0.0,0.0,0.0,0.0,0.0,0.0,0.0,0.0,0.0,0.0,0.0,0.0,0.0,0.0,0.0,0.0,0.0,0.0,0.0,0.0,0.0,0.0,0.0,0.0,0.0,0.0,0.0,0.0,0.0,0.0,0.0,0.0,0.0,0.0,0.0,0.0,0.0,0.0,0.0,0.0,0.0,0.0,0.0,0.0,0.0,0.0,0.0,0.0,0.0,0.0,0.0,0.0,0.0,0.0
104141000.0,104141000.0,104141000.0,104141000.0,104141000.0,104141000.0,104141000.0,104141000.0,104141000.0,104141000.0,104141000.0,104141000.0,104141000.0,104141000.0,104141000.0,104141000.0,104141000.0,104141000.0,104141000.0,104141000.0,104141000.0,104141000.0,104141000.0,104141000.0,104141000.0,104141000.0,104141000.0,104141000.0,104141000.0,104141000.0,104141000.0,104141000.0,104141000.0,104141000.0,104141000.0,104141000.0,104141000.0,104141000.0,104141000.0,104141000.0,104141000.0,104141000.0,104141000.0,104141000.0,104141000.0,104141000.0,104141000.0,104141000.0,104141000.0,104141000.0,104141000.0,104141000.0,104141000.0,104141000.0,104141000.0,104141000.0,104141000.0,104141000.0,104141000.0,104141000.0
2515303000.0,2515303000.0,2515303000.0,2515303000.0,2515303000.0,2515303000.0,2515303000.0,2515303000.0,2515303000.0,2515303000.0,2515303000.0,2515303000.0,2515303000.0,2515303000.0,2515303000.0,2515303000.0,2515303000.0,2515303000.0,2515303000.0,2515303000.0,2515303000.0,2515303000.0,2515303000.0,2515303000.0,2515303000.0,2515303000.0,2515303000.0,2515303000.0,2515303000.0,2515303000.0,2515303000.0,2515303000.0,2515303000.0,2515303000.0,2515303000.0,2515303000.0,2515303000.0,2515303000.0,2515303000.0,2515303000.0,2515303000.0,2515303000.0,2515303000.0,2515303000.0,2515303000.0,2515303000.0,2515303000.0,2515303000.0,2515303000.0,2515303000.0,2515303000.0,2515303000.0,2515303000.0,2515303000.0,2515303000.0,2515303000.0,2515303000.0,2515303000.0,2515303000.0,2515303000.0
7431375000.0,7431375000.0,7431375000.0,7431375000.0,7431375000.0,7431375000.0,7431375000.0,7431375000.0,7431375000.0,7431375000.0,7431375000.0,7431375000.0,7431375000.0,7431375000.0,7431375000.0,7431375000.0,7431375000.0,7431375000.0,7431375000.0,7431375000.0,7431375000.0,7431375000.0,7431375000.0,7431375000.0,7431375000.0,7431375000.0,7431375000.0,7431375000.0,7431375000.0,7431375000.0,7431375000.0,7431375000.0,7431375000.0,7431375000.0,7431375000.0,7431375000.0,7431375000.0,7431375000.0,7431375000.0,7431375000.0,7431375000.0,7431375000.0,7431375000.0,7431375000.0,7431375000.0,7431375000.0,7431375000.0,7431375000.0,7431375000.0,7431375000.0,7431375000.0,7431375000.0,7431375000.0,7431375000.0,7431375000.0,7431375000.0,7431375000.0,7431375000.0,7431375000.0,7431375000.0
577454000.0,577454000.0,577454000.0,577454000.0,577454000.0,577454000.0,577454000.0,577454000.0,577454000.0,577454000.0,577454000.0,577454000.0,577454000.0,577454000.0,577454000.0,577454000.0,577454000.0,577454000.0,577454000.0,577454000.0,577454000.0,577454000.0,577454000.0,577454000.0,577454000.0,577454000.0,577454000.0,577454000.0,577454000.0,577454000.0,577454000.0,577454000.0,577454000.0,577454000.0,577454000.0,577454000.0,577454000.0,577454000.0,577454000.0,577454000.0,577454000.0,577454000.0,577454000.0,577454000.0,577454000.0,577454000.0,577454000.0,577454000.0,577454000.0,577454000.0,577454000.0,577454000.0,577454000.0,577454000.0,577454000.0,577454000.0,577454000.0,577454000.0,577454000.0,577454000.0
148105000.0,148105000.0,148105000.0,148105000.0,148105000.0,148105000.0,148105000.0,148105000.0,148105000.0,148105000.0,148105000.0,148105000.0,148105000.0,148105000.0,148105000.0,148105000.0,148105000.0,148105000.0,148105000.0,148105000.0,148105000.0,148105000.0,148105000.0,148105000.0,148105000.0,148105000.0,148105000.0,148105000.0,148105000.0,148105000.0,148105000.0,148105000.0,148105000.0,148105000.0,148105000.0,148105000.0,148105000.0,148105000.0,148105000.0,148105000.0,148105000.0,148105000.0,148105000.0,148105000.0,148105000.0,148105000.0,148105000.0,148105000.0,148105000.0,148105000.0,148105000.0,148105000.0,148105000.0,148105000.0,148105000.0,148105000.0,148105000.0,148105000.0,148105000.0,148105000.0
2058323000.0,2058323000.0,2058323000.0,2058323000.0,2058323000.0,2058323000.0,2058323000.0,2058323000.0,2058323000.0,2058323000.0,2058323000.0,2058323000.0,2058323000.0,2058323000.0,2058323000.0,2058323000.0,2058323000.0,2058323000.0,2058323000.0,2058323000.0,2058323000.0,2058323000.0,2058323000.0,2058323000.0,2058323000.0,2058323000.0,2058323000.0,2058323000.0,2058323000.0,2058323000.0,2058323000.0,2058323000.0,2058323000.0,2058323000.0,2058323000.0,2058323000.0,2058323000.0,2058323000.0,2058323000.0,2058323000.0,2058323000.0,2058323000.0,2058323000.0,2058323000.0,2058323000.0,2058323000.0,2058323000.0,2058323000.0,2058323000.0,2058323000.0,2058323000.0,2058323000.0,2058323000.0,2058323000.0,2058323000.0,2058323000.0,2058323000.0,2058323000.0,2058323000.0,2058323000.0
477721000.0,477721000.0,477721000.0,477721000.0,477721000.0,477721000.0,477721000.0,477721000.0,477721000.0,477721000.0,477721000.0,477721000.0,477721000.0,477721000.0,477721000.0,477721000.0,477721000.0,477721000.0,477721000.0,477721000.0,477721000.0,477721000.0,477721000.0,477721000.0,477721000.0,477721000.0,477721000.0,477721000.0,477721000.0,477721000.0,477721000.0,477721000.0,477721000.0,477721000.0,477721000.0,477721000.0,477721000.0,477721000.0,477721000.0,477721000.0,477721000.0,477721000.0,477721000.0,477721000.0,477721000.0,477721000.0,477721000.0,477721000.0,477721000.0,477721000.0,477721000.0,477721000.0,477721000.0,477721000.0,477721000.0,477721000.0,477721000.0,477721000.0,477721000.0,477721000.0
0.0,0.0,0.0,0.0,0.0,0.0,0.0,0.0,0.0,0.0,0.0,0.0,0.0,0.0,0.0,0.0,0.0,0.0,0.0,0.0,0.0,0.0,0.0,0.0,0.0,0.0,0.0,0.0,0.0,0.0,0.0,0.0,0.0,0.0,0.0,0.0,0.0,0.0,0.0,0.0,0.0,0.0,0.0,0.0,0.0,0.0,0.0,0.0,0.0,0.0,0.0,0.0,0.0,0.0,0.0,0.0,0.0,0.0,0.0,0.0
602996000.0,602996000.0,602996000.0,602996000.0,602996000.0,602996000.0,602996000.0,602996000.0,602996000.0,602996000.0,602996000.0,602996000.0,602996000.0,602996000.0,602996000.0,602996000.0,602996000.0,602996000.0,602996000.0,602996000.0,602996000.0,602996000.0,602996000.0,602996000.0,602996000.0,602996000.0,602996000.0,602996000.0,602996000.0,602996000.0,602996000.0,602996000.0,602996000.0,602996000.0,602996000.0,602996000.0,602996000.0,602996000.0,602996000.0,602996000.0,602996000.0,602996000.0,602996000.0,602996000.0,602996000.0,602996000.0,602996000.0,602996000.0,602996000.0,602996000.0,602996000.0,602996000.0,602996000.0,602996000.0,602996000.0,602996000.0,602996000.0,602996000.0,602996000.0,602996000.0
1404265000.0,1404265000.0,1404265000.0,1404265000.0,1404265000.0,1404265000.0,1404265000.0,1404265000.0,1404265000.0,1404265000.0,1404265000.0,1404265000.0,1404265000.0,1404265000.0,1404265000.0,1404265000.0,1404265000.0,1404265000.0,1404265000.0,1404265000.0,1404265000.0,1404265000.0,1404265000.0,1404265000.0,1404265000.0,1404265000.0,1404265000.0,1404265000.0,1404265000.0,1404265000.0,1404265000.0,1404265000.0,1404265000.0,1404265000.0,1404265000.0,1404265000.0,1404265000.0,1404265000.0,1404265000.0,1404265000.0,1404265000.0,1404265000.0,1404265000.0,1404265000.0,1404265000.0,1404265000.0,1404265000.0,1404265000.0,1404265000.0,1404265000.0,1404265000.0,1404265000.0,1404265000.0,1404265000.0,1404265000.0,1404265000.0,1404265000.0,1404265000.0,1404265000.0,1404265000.0
803425000.0,803425000.0,803425000.0,803425000.0,803425000.0,803425000.0,803425000.0,803425000.0,803425000.0,803425000.0,803425000.0,803425000.0,803425000.0,803425000.0,803425000.0,803425000.0,803425000.0,803425000.0,803425000.0,803425000.0,803425000.0,803425000.0,803425000.0,803425000.0,803425000.0,803425000.0,803425000.0,803425000.0,803425000.0,803425000.0,803425000.0,803425000.0,803425000.0,803425000.0,803425000.0,803425000.0,803425000.0,803425000.0,803425000.0,803425000.0,803425000.0,803425000.0,803425000.0,803425000.0,803425000.0,803425000.0,803425000.0,803425000.0,803425000.0,803425000.0,803425000.0,803425000.0,803425000.0,803425000.0,803425000.0,803425000.0,803425000.0,803425000.0,803425000.0,803425000.0
114146000.0,114146000.0,114146000.0,114146000.0,114146000.0,114146000.0,114146000.0,114146000.0,114146000.0,114146000.0,114146000.0,114146000.0,114146000.0,114146000.0,114146000.0,114146000.0,114146000.0,114146000.0,114146000.0,114146000.0,114146000.0,114146000.0,114146000.0,114146000.0,114146000.0,114146000.0,114146000.0,114146000.0,114146000.0,114146000.0,114146000.0,114146000.0,114146000.0,114146000.0,114146000.0,114146000.0,114146000.0,114146000.0,114146000.0,114146000.0,114146000.0,114146000.0,114146000.0,114146000.0,114146000.0,114146000.0,114146000.0,114146000.0,114146000.0,114146000.0,114146000.0,114146000.0,114146000.0,114146000.0,114146000.0,114146000.0,114146000.0,114146000.0,114146000.0,114146000.0
307981000.0,307981000.0,307981000.0,307981000.0,307981000.0,307981000.0,307981000.0,307981000.0,307981000.0,307981000.0,307981000.0,307981000.0,307981000.0,307981000.0,307981000.0,307981000.0,307981000.0,307981000.0,307981000.0,307981000.0,307981000.0,307981000.0,307981000.0,307981000.0,307981000.0,307981000.0,307981000.0,307981000.0,307981000.0,307981000.0,307981000.0,307981000.0,307981000.0,307981000.0,307981000.0,307981000.0,307981000.0,307981000.0,307981000.0,307981000.0,307981000.0,307981000.0,307981000.0,307981000.0,307981000.0,307981000.0,307981000.0,307981000.0,307981000.0,307981000.0,307981000.0,307981000.0,307981000.0,307981000.0,307981000.0,307981000.0,307981000.0,307981000.0,307981000.0,307981000.0
194864000.0,194864000.0,194864000.0,194864000.0,194864000.0,194864000.0,194864000.0,194864000.0,194864000.0,194864000.0,194864000.0,194864000.0,194864000.0,194864000.0,194864000.0,194864000.0,194864000.0,194864000.0,194864000.0,194864000.0,194864000.0,194864000.0,194864000.0,194864000.0,194864000.0,194864000.0,194864000.0,194864000.0,194864000.0,194864000.0,194864000.0,194864000.0,194864000.0,194864000.0,194864000.0,194864000.0,194864000.0,194864000.0,194864000.0,194864000.0,194864000.0,194864000.0,194864000.0,194864000.0,194864000.0,194864000.0,194864000.0,194864000.0,194864000.0,194864000.0,194864000.0,194864000.0,194864000.0,194864000.0,194864000.0,194864000.0,194864000.0,194864000.0,194864000.0,194864000.0
1897582000.0,1897582000.0,1897582000.0,1897582000.0,1897582000.0,1897582000.0,1897582000.0,1897582000.0,1897582000.0,1897582000.0,1897582000.0,1897582000.0,1897582000.0,1897582000.0,1897582000.0,1897582000.0,1897582000.0,1897582000.0,1897582000.0,1897582000.0,1897582000.0,1897582000.0,1897582000.0,1897582000.0,1897582000.0,1897582000.0,1897582000.0,1897582000.0,1897582000.0,1897582000.0,1897582000.0,1897582000.0,1897582000.0,1897582000.0,1897582000.0,1897582000.0,1897582000.0,1897582000.0,1897582000.0,1897582000.0,1897582000.0,1897582000.0,1897582000.0,1897582000.0,1897582000.0,1897582000.0,1897582000.0,1897582000.0,1897582000.0,1897582000.0,1897582000.0,1897582000.0,1897582000.0,1897582000.0,1897582000.0,1897582000.0,1897582000.0,1897582000.0,1897582000.0,1897582000.0
